Job Title,Company,Location,Certifications
Product Owner - Cyber Security,Yesterday by Virgin Money,N/A,None
Product Owner - Cyber Security,Yesterday by Virgin Money,N/A,None
Lecturer/Senior Lecturer in Cyber Security,11 April by De Montfort University Leicester,N/A,None
Cyber Security Lead,15 April by KD Recruitment Limited,N/A,None
Cyber Security Engineer,26 March by Artis Recruitment,N/A,None
Cyber Security Engineer,8 April by FryerMiles Recruitment,N/A,None
Cyber Security Engineer,Yesterday by VIQU Limited,N/A,None
Cyber Security Specialist,25 March by Jonathan Lee Recruitment,N/A,None
Cyber Security Manager,27 March by Understanding Recruitment,N/A,None
Cyber Security Engineer,19 February by Elevate Technology Group Ltd,N/A,None
Cyber Security Consultant,8 April by Ncounter,N/A,None
Cyber Security Manager,1 April by INTEC SELECT LIMITED,N/A,None
Cyber Security Manager,28 March by Context Recruitment Limited,N/A,None
Cyber Security Analyst,6 hrs ago by Rise Technical Recruitment Limited,N/A,None
Cyber Security Analyst,1 week ago by Venn Group,N/A,None
Cyber Security Analyst,20 March by Electus Recruitment Solutions,N/A,None
Cyber Security Analyst,25 March by Proactive Appointments,N/A,None
Cyber Security Analyst,10 April by Additional Resources Ltd,N/A,None
Cyber Security Engineer,28 March by Context Recruitment Limited,N/A,None
Head of Cyber Security,Yesterday by Tenth Revolution Group,N/A,None
Head of Cyber Security,Yesterday by Tenth Revolution Group,N/A,None
Head of Cyber Security,Yesterday by Tenth Revolution Group,N/A,None
Head of Cyber Security,Yesterday by Tenth Revolution Group,N/A,None
Head of Cyber Security,Yesterday by Tenth Revolution Group,N/A,None
Head of Cyber Security,21 March by Tenth Revolution Group,N/A,None
Head of Cyber Security,21 March by Tenth Revolution Group,N/A,None
N/A,N/A,N/A,None
N/A,N/A,N/A,None
N/A,N/A,N/A,None
N/A,N/A,N/A,None
N/A,N/A,N/A,None
N/A,N/A,N/A,None
N/A,N/A,N/A,None
N/A,N/A,N/A,None
N/A,N/A,N/A,None
N/A,N/A,N/A,None
Product Owner - Cyber Security,Yesterday by Virgin Money,N/A,None
Head of Cyber Security,20 March by Tate Hitchin,N/A,None
Cyber Security Engineer,1 April by Randstad Construction & Property,N/A,None
"Cyber Security Engineer, COR7186A",1 week ago by Corriculo Ltd,N/A,None
Principal Cyber Security Consultant,9 April by Addition,N/A,None
Principal Cyber Security Consultant,9 April by Addition,N/A,None
Senior Cyber Security Engineer,28 March by Stevenage Borough Council,N/A,None
Global Cyber Security Manager,31 March by Reed,N/A,None
Cyber Security Compliance Manager,4 April by auricoe,N/A,None
Cyber Security Risk Manager,11 April by Marks Sattin,N/A,None
Cyber Security Manager CyberArk,13 April by Morgan McKinley,N/A,None
Cyber Security Solutions Architect,1 week ago by Be-IT Resourcing,N/A,None
Cyber Security Solutions Architect,1 week ago by Be-IT Resourcing,N/A,None
Head of Cyber Security - Remote,21 March by Tenth Revolution Group,N/A,None
Head of Cyber Security - Remote,21 March by Tenth Revolution Group,N/A,None
Trainee Cyber Security,9 April by IT Career Switch,N/A,None
Trainee Cyber Security,21 March by IT Career Switch,N/A,None
Trainee Cyber Security,21 March by IT Career Switch,N/A,None
Trainee Cyber Security,21 March by IT Career Switch,N/A,None
Trainee Cyber Security,21 March by IT Career Switch,N/A,None
Trainee Cyber Security,21 March by IT Career Switch,N/A,None
Trainee Cyber Security,21 March by IT Career Switch,N/A,None
Trainee Cyber Security,21 March by IT Career Switch,N/A,None
Trainee Cyber Security,21 March by IT Career Switch,N/A,None
Trainee Cyber Security,21 March by IT Career Switch,N/A,None
Trainee Cyber Security,21 March by IT Career Switch,N/A,None
N/A,N/A,N/A,None
N/A,N/A,N/A,None
N/A,N/A,N/A,None
N/A,N/A,N/A,None
N/A,N/A,N/A,None
N/A,N/A,N/A,None
N/A,N/A,N/A,None
N/A,N/A,N/A,None
N/A,N/A,N/A,None
N/A,N/A,N/A,None
Product Owner - Cyber Security,Yesterday by Virgin Money,N/A,None
Trainee Cyber Security,21 March by IT Career Switch,N/A,None
Trainee Cyber Security,21 March by IT Career Switch,N/A,None
Trainee Cyber Security,21 March by IT Career Switch,N/A,None
Trainee Cyber Security,21 March by IT Career Switch,N/A,None
Trainee Cyber Security,21 March by IT Career Switch,N/A,None
Trainee Cyber Security,21 March by IT Career Switch,N/A,None
Trainee Cyber Security,21 March by IT Career Switch,N/A,None
Trainee Cyber Security,21 March by IT Career Switch,N/A,None
Trainee Cyber Security,21 March by IT Career Switch,N/A,None
Trainee Cyber Security,21 March by IT Career Switch,N/A,None
Trainee Cyber Security,21 March by IT Career Switch,N/A,None
Trainee Cyber Security,21 March by IT Career Switch,N/A,None
Trainee Cyber Security,21 March by IT Career Switch,N/A,None
Trainee Cyber Security,21 March by IT Career Switch,N/A,None
Trainee Cyber Security,21 March by IT Career Switch,N/A,None
Trainee Cyber Security,21 March by IT Career Switch,N/A,None
Trainee Cyber Security,21 March by IT Career Switch,N/A,None
Trainee Cyber Security,21 March by IT Career Switch,N/A,None
Trainee Cyber Security,21 March by IT Career Switch,N/A,None
Trainee Cyber Security,21 March by IT Career Switch,N/A,None
Trainee Cyber Security,21 March by IT Career Switch,N/A,None
Trainee Cyber Security,21 March by IT Career Switch,N/A,None
Trainee Cyber Security,21 March by IT Career Switch,N/A,None
Trainee Cyber Security,21 March by IT Career Switch,N/A,None
Trainee Cyber Security,21 March by IT Career Switch,N/A,None
N/A,N/A,N/A,None
N/A,N/A,N/A,None
N/A,N/A,N/A,None
N/A,N/A,N/A,None
N/A,N/A,N/A,None
N/A,N/A,N/A,None
N/A,N/A,N/A,None
N/A,N/A,N/A,None
N/A,N/A,N/A,None
N/A,N/A,N/A,None
Product Owner - Cyber Security,Yesterday by Virgin Money,N/A,None
Trainee Cyber Security,21 March by IT Career Switch,N/A,None
Trainee Cyber Security,21 March by IT Career Switch,N/A,None
Trainee Cyber Security,21 March by IT Career Switch,N/A,None
Trainee Cyber Security,21 March by IT Career Switch,N/A,None
Trainee Cyber Security,4 hrs ago by Course2Career,N/A,None
Trainee Cyber Security,6 April by Course2Career,N/A,None
Trainee Cyber Security,6 April by Course2Career,N/A,None
Trainee Cyber Security,6 April by Course2Career,N/A,None
Trainee Cyber Security,6 April by Course2Career,N/A,None
Trainee Cyber Security,6 April by Course2Career,N/A,None
Trainee Cyber Security,6 April by Course2Career,N/A,None
Trainee Cyber Security,6 April by Course2Career,N/A,None
Trainee Cyber Security,6 April by Course2Career,N/A,None
Trainee Cyber Security,6 April by Course2Career,N/A,None
Trainee Cyber Security,6 April by Course2Career,N/A,None
Trainee Cyber Security,6 April by Course2Career,N/A,None
Trainee Cyber Security,6 April by Course2Career,N/A,None
Trainee Cyber Security,6 April by Course2Career,N/A,None
Trainee Cyber Security,6 April by Course2Career,N/A,None
Trainee Cyber Security,6 April by Course2Career,N/A,None
Trainee Cyber Security,6 April by Course2Career,N/A,None
Trainee Cyber Security,6 April by Course2Career,N/A,None
Trainee Cyber Security,6 April by Course2Career,N/A,None
Trainee Cyber Security,6 April by Course2Career,N/A,None
Trainee Cyber Security,6 April by Course2Career,N/A,None
N/A,N/A,N/A,None
N/A,N/A,N/A,None
N/A,N/A,N/A,None
N/A,N/A,N/A,None
N/A,N/A,N/A,None
N/A,N/A,N/A,None
N/A,N/A,N/A,None
N/A,N/A,N/A,None
N/A,N/A,N/A,None
N/A,N/A,N/A,None
Product Owner - Cyber Security,Yesterday by Virgin Money,N/A,None
Trainee Cyber Security,6 April by Course2Career,N/A,None
Trainee Cyber Security,6 April by Course2Career,N/A,None
Trainee Cyber Security,6 April by Course2Career,N/A,None
Trainee Cyber Security,6 April by Course2Career,N/A,None
Trainee Cyber Security,6 April by Course2Career,N/A,None
Trainee Cyber Security,6 April by Course2Career,N/A,None
Trainee Cyber Security,6 April by Course2Career,N/A,None
Trainee Cyber Security,6 April by Course2Career,N/A,None
Trainee Cyber Security,6 April by Course2Career,N/A,None
Trainee Cyber Security,6 April by Course2Career,N/A,None
Trainee - Cyber Security,Yesterday by Newto Training,N/A,None
Cyber Security Trainee,Yesterday by Newto Training,N/A,None
Trainee - Cyber Security,Yesterday by Newto Training,N/A,None
Cyber Security Trainee,15 April by ITOL Recruitment,N/A,None
Cyber Security Trainee,15 April by ITOL Recruitment,N/A,None
Cyber Security Trainee,3 hrs ago by ITOL Recruitment,N/A,None
Cyber Security Trainee,3 hrs ago by ITOL Recruitment,N/A,None
Cyber Security Trainee,15 April by ITOL Recruitment,N/A,None
Cyber Security Trainee,15 April by ITOL Recruitment,N/A,None
Cyber Security Trainee,15 April by ITOL Recruitment,N/A,None
Cyber Security Trainee,15 April by ITOL Recruitment,N/A,None
Cyber Security Trainee,6 hrs ago by ITOL Recruitment,N/A,None
Cyber Security Trainee,15 April by ITOL Recruitment,N/A,None
Cyber Security Trainee,15 April by ITOL Recruitment,N/A,None
Cyber Security Trainee,15 April by ITOL Recruitment,N/A,None
N/A,N/A,N/A,None
N/A,N/A,N/A,None
N/A,N/A,N/A,None
N/A,N/A,N/A,None
N/A,N/A,N/A,None
N/A,N/A,N/A,None
N/A,N/A,N/A,None
N/A,N/A,N/A,None
N/A,N/A,N/A,None
N/A,N/A,N/A,None
